﻿<?xml version="1.0" encoding="utf-8"?>
<chatusers>
  <user nick="$KAPEHO$" sign="myst.gif" status="Mystery Orden, Начальник-Норвегии" level="21" lastupdated="11/05/2016 15:52:37" />
  <user nick="(ведро с глазами)" sign="c248.gif" status="Blood Fire, обнимашкин)" level="16" lastupdated="11/05/2016 15:52:37" />
  <user nick="***КаРаМеЛьКа***" sign="c126.gif" status="Кадеты Черной Сотни, love love" level="22" lastupdated="11/05/2016 15:52:37" />
  <user nick="*Marionely*" sign="c162.gif" status="Расхитители Гробниц, &amp;#4326 Лучик света... &amp;#4326" level="20" lastupdated="11/05/2016 15:52:37" />
  <user nick="_(kiler)_" sign="" status="" level="21" lastupdated="11/05/2016 15:52:37" />
  <user nick="__MORO__" sign="c124.gif" status="Illuminati, &amp;#9650" level="21" lastupdated="11/05/2016 15:52:37" />
  <user nick="_MerZaveC_" sign="c274.gif" status="Elected in Chaos, Мер3кий Тип" level="20" lastupdated="11/05/2016 15:52:37" />
  <user nick="_Tv_" sign="" status="" level="21" lastupdated="11/05/2016 15:52:37" />
  <user nick="~Бармолей~" sign="c190.gif" status="WishMasters, Раб Ариши)" level="19" lastupdated="11/05/2016 15:52:37" />
  <user nick="100кан" sign="c124.gif" status="Illuminati, &amp;#9650фужер" level="20" lastupdated="11/05/2016 15:52:37" />
  <user nick="and-neo" sign="c248.gif" status="Blood Fire, Почемучкин)))" level="18" lastupdated="11/05/2016 15:52:37" />
  <user nick="Aslan23" sign="" status="" level="13" lastupdated="11/05/2016 15:52:37" />
  <user nick="Axe*" sign="c195.gif" status="Federation Of Light, " level="18" lastupdated="11/05/2016 15:52:37" />
  <user nick="belo4ka" sign="c227.gif" status="Sanctuary, &amp;#9807БО-Беличий Оскал" level="22" lastupdated="11/05/2016 15:52:37" />
  <user nick="BettY_BooP" sign="c242.gif" status="Blaze of War, &amp;#9884BettY-Blaze" level="20" lastupdated="11/05/2016 15:52:37" />
  <user nick="Blackpool" sign="c167.gif" status="Ледяной Бастион, Ледяной чемпион" level="20" lastupdated="11/05/2016 15:52:37" />
  <user nick="dantist" sign="" status="" level="0" lastupdated="11/05/2016 15:52:37" />
  <user nick="demondic" sign="c126.gif" status="Кадеты Черной Сотни, демондя)" level="21" lastupdated="11/05/2016 15:52:37" />
  <user nick="DeViL HuNTeR" sign="" status="" level="19" lastupdated="11/05/2016 15:52:37" />
  <user nick="Die To Live" sign="c105.gif" status="Вечные, Велком в семью" level="20" lastupdated="11/05/2016 15:52:37" />
  <user nick="dj@blero" sign="c125.gif" status="ICE, Рок-н-ролл жив!" level="23" lastupdated="11/05/2016 15:52:37" />
  <user nick="DzHiBaS" sign="c238.gif" status="Aliens, &amp;#8371liens" level="19" lastupdated="11/05/2016 15:52:37" />
  <user nick="Einsamkeit" sign="c198.gif" status="Древние, С орешками [Alpen Gold]" level="20" lastupdated="11/05/2016 15:52:37" />
  <user nick="EvanescenceII" sign="c272.gif" status="Долина Мёртвых, Хранитель™" level="22" lastupdated="11/05/2016 15:52:37" />
  <user nick="Evil Dream" sign="c205.gif" status="Dark Force, Зам.Главы клана" level="22" lastupdated="11/05/2016 15:52:37" />
  <user nick="forest" sign="" status="" level="20" lastupdated="11/05/2016 15:52:37" />
  <user nick="fulk" sign="c269.gif" status="Лютые, Волк с Уолл-стрит" level="21" lastupdated="11/05/2016 15:52:37" />
  <user nick="GALLA" sign="c242.gif" status="Blaze of War, Gaya&amp;#9884Blaze" level="22" lastupdated="11/05/2016 15:52:37" />
  <user nick="GaRy" sign="" status="" level="18" lastupdated="11/05/2016 15:52:37" />
  <user nick="GNK" sign="c252.gif" status="Лабиринт Хаоса, MegaРыбак&amp;#12484" level="20" lastupdated="11/05/2016 15:52:37" />
  <user nick="H_O_S_T" sign="chju.gif" status="Angels of Destiny, Хвост" level="21" lastupdated="11/05/2016 15:52:53" />
  <user nick="Konvict Muzik" sign="c215.gif" status="Effulgents, Боб_пропажа" level="21" lastupdated="11/05/2016 15:52:37" />
  <user nick="Kozak-usa" sign="inye.gif" status="Иные, Крова Клана" level="26" lastupdated="11/05/2016 15:52:37" />
  <user nick="Mansuroff" sign="chju.gif" status="Angels of Destiny, Американец" level="21" lastupdated="11/05/2016 15:52:37" />
  <user nick="MegaCrash" sign="c252.gif" status="Лабиринт Хаоса, Глава Клана" level="22" lastupdated="11/05/2016 15:52:37" />
  <user nick="Mopo" sign="c242.gif" status="Blaze of War, ULTRAZzz&amp;#9884Blaze" level="22" lastupdated="11/05/2016 15:52:37" />
  <user nick="Mopox" sign="" status="" level="16" lastupdated="11/05/2016 15:52:37" />
  <user nick="Morbit" sign="chju.gif" status="Angels of Destiny, Morbid_Angel" level="21" lastupdated="11/05/2016 15:52:37" />
  <user nick="MyFirstKiss" sign="c131.gif" status="Angels Bearing Death, Зам. Главы Клана" level="21" lastupdated="11/05/2016 15:52:37" />
  <user nick="NeverBlock" sign="" status="" level="14" lastupdated="11/05/2016 15:52:37" />
  <user nick="newtonat" sign="" status="" level="1" lastupdated="11/05/2016 15:52:37" />
  <user nick="notblock" sign="" status="" level="0" lastupdated="11/05/2016 15:52:37" />
  <user nick="orlando_28" sign="c225.gif" status="Tears of War, Блумчик" level="15" lastupdated="11/05/2016 15:52:37" />
  <user nick="-Panisher-" sign="c257.gif" status="R-Void, ВозвRRRащенец" level="20" lastupdated="11/05/2016 15:52:37" />
  <user nick="PaTRi4eG" sign="c152.gif" status="Black TigerS, лучший друг" level="21" lastupdated="11/05/2016 15:52:37" />
  <user nick="Pauster" sign="" status="" level="15" lastupdated="11/05/2016 15:52:37" />
  <user nick="Pedigree" sign="c162.gif" status="Расхитители Гробниц, Педя ппц!" level="22" lastupdated="11/05/2016 15:52:37" />
  <user nick="RED DOG 2" sign="c170.gif" status="Ледяные Сфинксы, Бывший Глава" level="22" lastupdated="11/05/2016 15:52:37" />
  <user nick="Revo" sign="" status="" level="19" lastupdated="11/05/2016 15:52:37" />
  <user nick="SerjO" sign="" status="" level="17" lastupdated="11/05/2016 15:52:37" />
  <user nick="Sharingun" sign="" status="" level="18" lastupdated="11/05/2016 15:52:37" />
  <user nick="SilkwooD-)" sign="c176.gif" status="Fallen Angels, Road to 22" level="21" lastupdated="11/05/2016 15:52:37" />
  <user nick="sky77" sign="c106.gif" status="Безликие, Дырочка клана!!!" level="21" lastupdated="11/05/2016 15:52:37" />
  <user nick="surf" sign="" status="" level="16" lastupdated="11/05/2016 15:52:37" />
  <user nick="Thaglife-_-" sign="" status="" level="5" lastupdated="11/05/2016 15:52:37" />
  <user nick="tRaInJK" sign="" status="" level="16" lastupdated="11/05/2016 15:52:37" />
  <user nick="Ventor" sign="c190.gif" status="WishMasters, Ventor" level="21" lastupdated="11/05/2016 15:52:53" />
  <user nick="yugeniy" sign="" status="" level="18" lastupdated="11/05/2016 15:52:37" />
  <user nick="Андэрс" sign="" status="" level="11" lastupdated="11/05/2016 15:52:37" />
  <user nick="балтика" sign="" status="" level="16" lastupdated="11/05/2016 15:52:37" />
  <user nick="бандерлаг" sign="" status="" level="16" lastupdated="11/05/2016 15:52:37" />
  <user nick="Безликая" sign="c194.gif" status="Корсары, Безумная" level="17" lastupdated="11/05/2016 15:52:37" />
  <user nick="Бублик" sign="nona.gif" status="LightSoulS, БаRRRанка" level="23" lastupdated="11/05/2016 15:52:37" />
  <user nick="Бэнжамин" sign="" status="" level="16" lastupdated="11/05/2016 15:52:37" />
  <user nick="Габриэль Грехов" sign="inye.gif" status="Иные, Грехъ Клана" level="23" lastupdated="11/05/2016 15:52:37" />
  <user nick="Господь" sign="" status="" level="16" lastupdated="11/05/2016 15:52:37" />
  <user nick="Гранд" sign="c249.gif" status="ShadoWalkers, Дети мои капитанские" level="21" lastupdated="11/05/2016 15:52:37" />
  <user nick="джеки65" sign="" status="" level="6" lastupdated="11/05/2016 15:52:37" />
  <user nick="Идущий во тьме" sign="c124.gif" status="Illuminati, &amp;#9650Ресурсник" level="18" lastupdated="11/05/2016 15:52:37" />
  <user nick="Изоп" sign="c128.gif" status="Harbingers of death, Кладовщик" level="19" lastupdated="11/05/2016 15:52:37" />
  <user nick="КаН" sign="c268.gif" status="Cosa Nostra, 163" level="21" lastupdated="11/05/2016 15:52:37" />
  <user nick="компостер" sign="" status="" level="15" lastupdated="11/05/2016 15:52:37" />
  <user nick="Кредит" sign="c242.gif" status="Blaze of War, Insomnia&amp;#9884Blaze" level="20" lastupdated="11/05/2016 15:52:37" />
  <user nick="Маркес" sign="c130.gif" status="Guilty Hearts, Бывалый" level="20" lastupdated="11/05/2016 15:52:37" />
  <user nick="МГБ ДНР" sign="necr.gif" status="Necromantes, ШПирлиц" level="21" lastupdated="11/05/2016 15:52:37" />
  <user nick="мегамаг)" sign="c125.gif" status="ICE, малыш" level="20" lastupdated="11/05/2016 15:52:37" />
  <user nick="Нежный_маг" sign="c225.gif" status="Tears of War, Чаклун" level="20" lastupdated="11/05/2016 15:52:37" />
  <user nick="Неуравновешанный" sign="" status="" level="18" lastupdated="11/05/2016 15:52:37" />
  <user nick="ПРОВАР" sign="equi.gif" status="Equilibrium, Поварплова" level="22" lastupdated="11/05/2016 15:52:37" />
  <user nick="Старый Покемон" sign="" status="" level="11" lastupdated="11/05/2016 15:52:37" />
  <user nick="Сын_Хаоса" sign="c211.gif" status="Dragons Of Death, доктор хаоса" level="22" lastupdated="11/05/2016 15:52:37" />
  <user nick="Черный" sign="" status="" level="16" lastupdated="11/05/2016 15:52:53" />
  <user nick="Эриния" sign="" status="" level="22" lastupdated="11/05/2016 15:52:37" />
</chatusers>